{
    "name": "「白日梦」酒店梦境-2",
    "author": "喵不可言",
    "start": [
    ],
    "map": [
    {
      "w": 5.821889905929565
    },
    {
      "fighting": 1
    },
    {
      "w": 1.2720909118652344
    },
    {
      "fighting": 1
    }
  ]
}